{
  "project_info": {
    "project_number": "983323540814",
    "project_id": "foodhubordering-d69d0",
    "storage_bucket": "foodhubordering-d69d0.appspot.com"
  },
  "client": [
    {
      "client_info": {
        "mobilesdk_app_id": "1:983323540814:android:be5636f8af9a401878721f",
        "android_client_info": {
          "package_name": "com.example.foodhub_orderingapp"
        }
      },
      "oauth_client": [
        {
          "client_id": "983323540814-05bp1r0isvc0n54vlalbkq392ud0bl6e.apps.googleusercontent.com",
          "client_type": 1,
          "android_info": {
            "package_name": "com.example.foodhub_orderingapp",
            "certificate_hash": "e1983d4259abf19d19bf9cc486746abc16bfb0f7"
          }
        },
        {
          "client_id": "983323540814-opm0tc89cb2c52ee4qbfcr7tk0j7l8u5.apps.googleusercontent.com",
          "client_type": 3
        }
      ],
      "api_key": [
        {
          "current_key": "AIzaSyBB5eicAJAEWHibLUS_0sTZcM6ISduLs3g"
        }
      ],
      "services": {
        "appinvite_service": {
          "other_platform_oauth_client": [
            {
              "client_id": "983323540814-opm0tc89cb2c52ee4qbfcr7tk0j7l8u5.apps.googleusercontent.com",
              "client_type": 3
            }
          ]
        }
      }
    }
  ],
  "configuration_version": "1"
}